chr1	9718835	1172
chr1	9720151	1009
chr1	9722088	986
chr1	9722132	944
chr1	9722328	1452
chr1	9724365	920
chr1	11109363	627
chr1	11121270	1033
chr1	11124536	848
chr1	11130589	1375
chr1	11145001	942
chr1	11212808	809
chr1	11228701	1038
chr1	11238526	1499
chr1	11241657	1114
chr1	11248017	910
chr1	26696761	299
chr1	26763171	1271
chr1	26767959	947
chr1	26779903	1310
chr1	26780484	1578
chr1	39897382	666
chr1	43338669	1062
chr1	43339569	871
chr1	45331433	1195
chr1	45331833	1280
chr1	45331847	1275
chr1	45334484	1257
chr1	46248570	1187
chr1	46258698	611
chr1	46260738	925
chr1	46278228	1198
chr1	114713908	635
chr1	114716127	1113
chr1	119915381	964
chr1	119915647	1293
chr1	119915686	1226
chr1	119916301	1311
chr1	119940621	1154
chr1	119967480	911
chr1	162767326	1127
chr1	204549160	771
chr1	204549371	933
chr2	17761508	670
chr2	17764976	746
chr2	17766619	403
chr2	17772760	362
chr2	17781183	666
chr2	17781251	485
chr2	17781661	640
chr2	25234390	1087
chr2	25240716	1009
chr2	25246204	1169
chr2	25246633	1009
chr2	25300227	1464
chr2	25313958	504
chr2	29193500	1046
chr2	29193615	1326
chr2	29193706	1472
chr2	29193749	1821
chr2	29193781	1782
chr2	29222592	1365
chr2	29226953	1007
chr2	29232401	1065
chr2	29275101	898
chr2	29320797	983
chr2	29717663	611
chr2	29920554	278
chr2	29920608	336
chr2	29920633	451
chr2	47410126	427
chr2	47790942	697
chr2	47795976	894
chr2	47798625	392
chr2	47803493	1247
chr2	58161561	312
chr2	208248468	980
chr2	208248572	997
chr2	211383817	1091
chr2	211722417	356
chr2	214728798	597
chr2	214728849	803
chr2	214767531	539
chr2	214767532	528
chr2	214780740	666
chr2	214780778	793
chr2	214780821	797
chr2	214809500	490
chr3	37012077	626
chr3	37048579	698
chr3	41225480	854
chr3	52402847	1022
chr3	52406851	953
chr3	138737884	261
chr3	138946187	230
chr3	138946222	113
chr3	142449489	341
chr3	142457722	385
chr3	142459276	552
chr3	142459302	555
chr3	142469495	371
chr3	142498695	486
chr3	142503442	228
chr3	142512292	974
chr3	142512348	1049
chr3	142558694	547
chr3	142558733	381
chr3	142562770	385
chr3	142562979	509
chr3	179209622	397
chr3	187725526	890
chr3	187728423	986
chr3	187729214	1269
chr3	187729244	1478
chr3	187729443	1213
chr3	187729913	1066
chr3	196052101	878
chr3	196073940	864
chr4	1799784	1360
chr4	1801426	935
chr4	1801445	984
chr4	1801446	987
chr4	1801658	830
chr4	1801680	915
chr4	1801977	891
chr4	1805751	1013
chr4	1806076	1417
chr4	1806167	1028
chr4	1806597	1502
chr4	1806650	1707
chr4	1806654	1702
chr4	1806664	1677
chr4	54261281	1604
chr4	54263911	606
chr4	54267559	872
chr4	54273604	1176
chr4	54274888	625
chr4	54277410	1133
chr4	54285873	1204
chr4	54290331	552
chr4	54295224	902
chr4	54727298	587
chr4	54736599	637
chr4	55106807	292
chr4	55110676	880
chr4	55113391	1012
chr4	55118758	754
chr4	80267099	1408
chr4	80286496	977
chr4	105234028	854
chr4	105234357	822
chr4	105234358	810
chr4	105234914	646
chr4	105236541	760
chr4	105275672	666
chr4	105275677	673
chr4	105275794	656
chr4	105275843	678
chr4	142112625	530
chr4	142122187	476
chr4	142122244	296
chr4	142145900	981
chr4	142145901	992
chr4	142314712	538
chr4	142402941	392
chr5	38950674	292
chr5	38955694	259
chr5	38958775	241
chr5	38959318	283
chr5	68226894	805
chr5	68279720	504
chr5	68292320	694
chr5	68293319	244
chr5	68293324	253
chr5	68293360	351
chr5	68293772	47
chr5	80670210	579
chr5	80854162	482
chr5	80873118	415
chr5	112827157	517
chr5	112828864	249
chr5	112839231	771
chr5	112839920	1086
chr5	112840073	754
chr5	112840628	709
chr5	112840862	587
chr5	112841059	394
chr5	112841474	540
chr5	150060950	1179
chr5	150070264	1273
chr5	150070569	1137
chr5	150078115	1246
chr5	150080981	1302
chr5	150080990	1305
chr5	150115832	1859
chr5	150117665	1186
chr5	150120109	917
chr5	150124785	1241
chr5	150132073	922
chr5	150135834	1378
chr5	177089630	2284
chr5	177090460	1711
chr5	177090796	1457
chr5	177090990	1506
chr5	177091783	1520
chr5	177092729	1572
chr5	177093199	896
chr5	177093201	906
chr5	177093242	988
chr6	41936044	1104
chr6	117301021	379
chr6	117301025	370
chr6	117301070	457
chr6	117310268	621
chr6	117365677	599
chr6	117383373	664
chr6	117403216	802
chr6	117404285	767
chr6	117404415	631
chr6	151807942	959
chr6	151808173	411
chr6	151880740	1282
chr6	151944308	808
chr6	151944387	831
chr6	152098960	945
chr7	2906827	1169
chr7	2915328	1137
chr7	2917371	978
chr7	2919538	1610
chr7	2930046	1262
chr7	2937133	1014
chr7	2945952	883
chr7	5997349	993
chr7	55146655	1234
chr7	55146712	1111
chr7	55161531	1318
chr7	55161562	1358
chr7	55165396	830
chr7	55170394	862
chr7	55171181	491
chr7	55172999	1147
chr7	55181370	817
chr7	55198724	685
chr7	55201223	1086
chr7	55201340	1207
chr7	106867623	996
chr7	106868288	911
chr7	106868533	794
chr7	106868542	909
chr7	106868550	959
chr7	106868886	1357
chr7	106872566	603
chr7	106882147	408
chr7	106884244	470
chr7	116699228	735
chr7	116699618	1206
chr7	116699738	634
chr7	116699902	594
chr7	116700215	583
chr7	116757518	280
chr7	116763052	600
chr7	116795714	696
chr7	116795968	774
chr7	116796043	733
chr7	129205382	987
chr7	129206487	1029
chr7	129212139	1783
chr7	140749350	326
chr7	140753336	476
chr7	148818100	870
chr7	152648922	860
chr8	26362805	395
chr8	31640156	107
chr8	31640457	535
chr8	31640641	1186
chr8	32595840	693
chr8	32648096	756
chr8	32648114	855
chr8	32754452	832
chr8	32756465	1161
chr8	32760370	810
chr8	32763317	938
chr8	32763938	1022
chr8	32764147	820
chr8	32764287	1603
chr8	89946194	325
chr8	89955483	419
chr8	89964430	441
chr8	89978251	419
chr8	89980833	410
chr8	89982766	661
chr8	89982791	720
chr9	5050706	529
chr9	5081780	791
chr9	20413870	439
chr9	21970917	673
chr9	21971121	261
chr9	21971122	284
chr9	95447312	904
chr9	95476076	1040
chr9	95476097	994
chr9	95478103	795
chr9	95481960	795
chr9	132896246	475
chr9	132896303	1150
chr9	132897330	969
chr9	132901668	1166
chr9	132902634	1111
chr9	132905957	1427
chr9	132906834	568
chr9	132911517	1061
chr9	136496196	1049
chr9	136496627	1184
chr9	136496748	1662
chr9	136496869	1192
chr9	136496886	1211
chr9	136497091	1215
chr9	136497184	1324
chr9	136497364	471
chr9	136497376	503
chr9	136499127	1866
chr9	136501825	1248
chr9	136502028	1411
chr9	136503255	1357
chr9	136504892	1146
chr9	136505767	456
chr9	136505868	714
chr9	136511269	885
chr9	136513480	1020
chr9	136514512	972
chr9	136515985	923
chr9	136517753	1251
chr9	136517907	1264
chr9	136518282	1453
chr9	136518648	1312
chr9	136519456	967
chr9	136519480	1194
chr9	136522877	200
chr9	136522881	214
chr9	136522929	360
chr9	136523737	1224
chr9	136523808	1465
chr10	43100520	1080
chr10	43106397	1216
chr10	43111239	1341
chr10	43112903	1332
chr10	43114671	1239
chr10	43118395	1089
chr10	43118460	1353
chr10	43119646	1095
chr10	43120185	1383
chr10	87933094	609
chr10	87933146	557
chr10	87958012	372
chr10	101771527	1357
chr10	121479598	660
chr10	121485484	1293
chr10	121488036	623
chr10	121538644	545
chr10	121538685	549
chr11	533535	1108
chr11	534242	839
chr11	69648088	1287
chr11	69648142	918
chr11	69703825	314
chr11	69810563	1051
chr11	69810640	786
chr11	108227797	394
chr11	108235716	178
chr11	108244113	483
chr11	108249043	505
chr11	108254034	486
chr11	108321342	720
chr11	108347286	203
chr11	108353810	608
chr11	108353851	636
chr11	118436863	243
chr11	118471879	770
chr11	118472788	1008
chr11	118473043	733
chr11	118484877	678
chr11	118484927	843
chr11	118490231	789
chr11	118497950	472
chr11	118503146	610
chr11	118503284	914
chr11	118505424	1210
chr11	118505672	595
chr11	125655300	651
chr12	4278918	648
chr12	4299980	1055
chr12	4370383	928
chr12	4434344	885
chr12	4444166	863
chr12	4444217	1254
chr12	4445382	1457
chr12	4445464	1195
chr12	25245350	597
chr12	56087606	1199
chr12	56095786	950
chr12	56096535	1133
chr12	56101207	1144
chr12	56101214	1228
chr12	57751565	1218
chr12	68839435	592
chr12	112450358	763
chr12	120978819	1107
chr12	120978847	1132
chr12	120979061	1313
chr12	120994387	1055
chr12	120996366	1275
chr12	120997539	1213
chr12	120997624	1345
chr12	120999311	1252
chr12	120999579	1036
chr13	21701255	579
chr13	21701423	658
chr13	28033950	592
chr13	28034322	512
chr13	28050157	623
chr13	28061947	664
chr13	28100491	32
chr13	28319505	1043
chr13	28390061	633
chr13	32325089	325
chr13	32332456	189
chr13	32332592	518
chr13	32337751	482
chr13	32338162	79
chr13	32338613	433
chr13	32338918	562
chr13	32339332	329
chr13	32339554	65
chr13	32340868	428
chr13	32355250	349
chr13	48342611	297
chr13	101722882	673
chr13	101726738	430
chr13	113310861	1306
chr13	113321453	697
chr13	113322394	1107
chr14	104773557	1337
chr15	66435145	1069
chr15	66436824	758
chr15	89260719	739
chr15	89260812	692
chr15	89281825	635
chr15	89292997	343
chr15	89295087	777
chr15	89315371	870
chr15	90085359	1268
chr16	2060794	1044
chr16	2064406	1008
chr16	2071816	1093
chr16	2075833	1101
chr16	2079191	1188
chr16	2083726	1334
chr16	2083797	1270
chr16	2086297	1373
chr16	2088099	1133
chr16	2088268	991
chr16	2088583	648
chr16	3582566	1219
chr16	3589138	1688
chr16	3589324	1400
chr16	3589725	1324
chr16	3589770	1445
chr16	3589781	1789
chr16	3589826	1597
chr16	3590781	1208
chr16	3590814	1804
chr16	3606481	834
chr16	3608734	957
chr16	3608875	814
chr16	3728336	1337
chr16	3729593	1013
chr16	3731319	1315
chr16	3793431	829
chr16	3810639	725
chr16	23626259	777
chr16	23634870	411
chr16	68823538	767
chr16	68833300	1029
chr17	7673251	702
chr17	7673704	1200
chr17	7673767	1496
chr17	7673800	1614
chr17	7674211	914
chr17	7674893	1219
chr17	7676154	1440
chr17	35116910	1074
chr17	39462785	1448
chr17	39471134	791
chr17	39517441	659
chr17	39526039	1327
chr17	39526140	1360
chr17	39530667	1392
chr17	39699581	959
chr17	39707015	1378
chr17	39715310	1564
chr17	39715782	1328
chr17	39723332	1707
chr17	39723335	1707
chr17	39724734	1892
chr17	39727784	1318
chr17	43070958	941
chr17	43071046	1216
chr17	43071077	1351
chr17	43074363	737
chr17	43082453	978
chr17	43091492	649
chr17	43091983	1318
chr17	43092164	480
chr17	43092418	570
chr17	43092919	673
chr17	43093037	634
chr17	43093220	959
chr17	43093449	998
chr17	43093454	981
chr17	43094464	816
chr17	59914673	619
chr17	61683635	398
chr17	61685986	512
chr17	61686104	615
chr17	61693441	483
chr17	61847130	609
chr17	63930138	1125
chr18	63318367	477
chr18	63318646	1121
chr19	1207058	1444
chr19	1219324	693
chr19	1220613	586
chr19	1220623	668
chr19	3119241	1297
chr19	4099274	821
chr19	4101064	1212
chr19	4102438	1115
chr19	4102451	1116
chr19	4117530	2455
chr19	15160960	1010
chr19	15165928	1246
chr19	15167275	658
chr19	15170707	841
chr19	15170759	924
chr19	15174241	385
chr19	15174382	957
chr19	15179196	998
chr19	15179425	1302
chr19	15180765	1155
chr19	15181626	1185
chr19	15181749	1270
chr19	15184323	1085
chr19	15186979	1196
chr19	15187135	1018
chr19	15187314	1023
chr19	15188303	1260
chr19	15189357	1111
chr19	15191991	1154
chr19	15192033	1049
chr19	15192414	1614
chr19	17834662	1139
chr19	17838299	1219
chr19	17843406	907
chr19	17843788	935
chr19	29817478	847
chr19	29823759	1321
chr19	33302240	413
chr19	41879166	1160
chr19	41879641	998
chr19	45351661	997
chr19	45352266	1114
chr19	45364001	471
chr19	45365051	998
chr19	45408923	1806
chr19	45420345	941
chr19	45420395	1087
chr20	37402536	1282
chr20	58853975	1288
chr20	58903752	893
chr21	38403546	1063
chr22	23825326	1223
chr22	28734470	1369
chr22	41127522	1155
chr22	41152004	659
chr22	41166602	266
chr22	41170503	811
chr22	41177078	1144
chr22	41178128	1731
