chr1	9718835	G	A
chr1	9720151	G	A
chr1	9722088	C	G
chr1	9722132	G	A
chr1	9722328	C	T
chr1	9724365	C	T
chr1	11109363	G	A
chr1	11121270	C	T
chr1	11124536	A	G
chr1	11130589	G	A
chr1	11145001	C	T
chr1	11212808	A	G
chr1	11228701	G	A
chr1	11238526	G	A
chr1	11241657	A	G
chr1	11248017	G	A
chr1	26696761	C	T
chr1	26763171	C	T
chr1	26767959	G	A
chr1	26779903	C	T
chr1	26780484	C	T
chr1	39897382	G	C
chr1	43338669	G	A
chr1	43339569	A	G
chr1	45331433	C	T
chr1	45331833	C	G
chr1	45331847	G	C
chr1	45334484	C	T
chr1	46248570	A	G
chr1	46258698	C	T
chr1	46260738	C	A
chr1	46278228	C	T
chr1	114713908	T	A
chr1	114716127	C	A
chr1	119915381	A	T
chr1	119915647	G	C
chr1	119915686	C	T
chr1	119916301	G	A
chr1	119940621	C	T
chr1	119967480	G	A
chr1	162767326	C	G
chr1	204549160	G	A
chr1	204549371	C	G
chr2	17761508	T	A
chr2	17764976	A	G
chr2	17766619	G	A
chr2	17772760	G	A
chr2	17781183	A	G
chr2	17781251	C	T
chr2	17781661	A	G
chr2	25234390	G	A
chr2	25240716	GC	G
chr2	25246204	G	A
chr2	25246633	C	T
chr2	25300227	T	G
chr2	25313958	G	A
chr2	29193500	G	C
chr2	29193615	T	C
chr2	29193706	T	C
chr2	29193749	G	A
chr2	29193781	GCTC	G
chr2	29222592	G	T
chr2	29226953	C	T
chr2	29232401	A	G
chr2	29275101	G	A
chr2	29320797	T	C
chr2	29717663	A	T
chr2	29920554	G	A
chr2	29920608	C	G
chr2	29920633	G	C
chr2	47410126	C	T
chr2	47790942	A	G
chr2	47795976	T	C
chr2	47798625	C	T
chr2	47803493	G	T
chr2	58161561	A	G
chr2	208248468	G	A
chr2	208248572	C	T
chr2	211383817	T	C
chr2	211722417	C	T
chr2	214728798	T	C
chr2	214728849	C	T
chr2	214767531	C	T
chr2	214767532	A	G
chr2	214780740	C	G
chr2	214780778	GTGGTGAAGAACATTCAGGCAA	G
chr2	214780821	C	G
chr2	214809500	G	A
chr3	37012077	A	G
chr3	37048579	G	T
chr3	41225480	C	T
chr3	52402847	C	A
chr3	52406851	G	A
chr3	138737884	G	A
chr3	138946187	G	C
chr3	138946222	G	A
chr3	142449489	C	T
chr3	142457722	A	T
chr3	142459276	G	A
chr3	142459302	C	T
chr3	142469495	A	C
chr3	142498695	A	G
chr3	142503442	A	G
chr3	142512292	C	T
chr3	142512348	G	A
chr3	142558694	A	G
chr3	142558733	A	T
chr3	142562770	A	G
chr3	142562979	A	G
chr3	179209622	A	G
chr3	187725526	G	A
chr3	187728423	C	T
chr3	187729214	C	G
chr3	187729244	G	A
chr3	187729443	G	A
chr3	187729913	C	A
chr3	196052101	C	T
chr3	196073940	C	T
chr4	1799784	C	T
chr4	1801426	G	A
chr4	1801445	G	A
chr4	1801446	C	T
chr4	1801658	G	C
chr4	1801680	T	C
chr4	1801977	T	C
chr4	1805751	G	T
chr4	1806076	G	A
chr4	1806167	G	A
chr4	1806597	G	A
chr4	1806650	G	A
chr4	1806654	G	C
chr4	1806664	G	A
chr4	54261281	G	A
chr4	54263911	T	C
chr4	54267559	T	G
chr4	54273604	T	C
chr4	54274888	A	G
chr4	54277410	G	A
chr4	54285873	C	T
chr4	54290331	C	G
chr4	54295224	T	C
chr4	54727298	A	C
chr4	54736599	G	C
chr4	55106807	T	A
chr4	55110676	A	T
chr4	55113391	C	T
chr4	55118758	A	G
chr4	80267099	A	G
chr4	80286496	A	G
chr4	105234028	C	G
chr4	105234357	C	T
chr4	105234358	C	T
chr4	105234914	A	G
chr4	105236541	T	C
chr4	105275672	T	G
chr4	105275677	C	T
chr4	105275794	A	G
chr4	105275843	A	G
chr4	142112625	T	C
chr4	142122187	A	G
chr4	142122244	G	A
chr4	142145900	C	T
chr4	142145901	G	A
chr4	142314712	C	G
chr4	142402941	G	A
chr5	38950674	G	A
chr5	38955694	G	A
chr5	38958775	T	C
chr5	38959318	G	A
chr5	68226894	C	T
chr5	68279720	T	C
chr5	68292320	G	A
chr5	68293319	A	G
chr5	68293324	A	C
chr5	68293360	C	T
chr5	68293772	C	A
chr5	80670210	G	A
chr5	80854162	A	G
chr5	80873118	G	A
chr5	112827157	T	C
chr5	112828864	G	A
chr5	112839231	T	C
chr5	112839920	T	A
chr5	112840073	G	A
chr5	112840628	G	A
chr5	112840862	T	G
chr5	112841059	T	A
chr5	112841474	G	A
chr5	150060950	C	T
chr5	150070264	C	T
chr5	150070569	T	C
chr5	150078115	G	A
chr5	150080981	G	A
chr5	150080990	A	G
chr5	150115832	T	C
chr5	150117665	G	A
chr5	150120109	T	C
chr5	150124785	C	T
chr5	150132073	C	G
chr5	150135834	T	A
chr5	177089630	G	A
chr5	177090460	T	G
chr5	177090796	C	T
chr5	177090990	T	C
chr5	177091783	C	T
chr5	177092729	C	T
chr5	177093199	C	T
chr5	177093201	C	T
chr5	177093242	G	A
chr6	41936044	A	C
chr6	117301021	G	C
chr6	117301025	T	G
chr6	117301070	C	T
chr6	117310268	T	G
chr6	117365677	T	C
chr6	117383373	G	T
chr6	117403216	C	T
chr6	117404285	T	G
chr6	117404415	T	A
chr6	151807942	T	C
chr6	151808173	G	C
chr6	151880740	T	C
chr6	151944308	A	G
chr6	151944387	G	C
chr6	152098960	G	A
chr7	2906827	T	C
chr7	2915328	G	A
chr7	2917371	T	C
chr7	2919538	G	A
chr7	2930046	G	A
chr7	2937133	G	A
chr7	2945952	C	G
chr7	5997349	G	C
chr7	55146655	C	T
chr7	55146712	G	A
chr7	55161531	TC	T
chr7	55161562	G	A
chr7	55165396	C	T
chr7	55170394	C	T
chr7	55171181	T	A
chr7	55172999	A	C
chr7	55181370	G	A
chr7	55198724	T	C
chr7	55201223	C	T
chr7	55201340	C	T
chr7	106867623	G	C
chr7	106868288	G	A
chr7	106868533	A	G
chr7	106868542	T	C
chr7	106868550	C	T
chr7	106868886	C	A
chr7	106872566	C	T
chr7	106882147	A	G
chr7	106884244	C	T
chr7	116699228	G	A
chr7	116699618	C	T
chr7	116699738	G	A
chr7	116699902	C	A
chr7	116700215	C	T
chr7	116757518	A	G
chr7	116763052	A	G
chr7	116795714	C	T
chr7	116795968	G	A
chr7	116796043	G	A
chr7	129205382	C	T
chr7	129206487	G	C
chr7	129212139	G	A
chr7	140749350	T	C
chr7	140753336	A	T
chr7	148818100	A	G
chr7	152648922	C	T
chr8	26362805	A	G
chr8	31640156	G	A
chr8	31640334	C	T
chr8	31640457	C	T
chr8	31640641	G	A
chr8	32595840	G	A
chr8	32648096	G	C
chr8	32648114	G	C
chr8	32754452	G	T
chr8	32756465	T	C
chr8	32760370	C	G
chr8	32763317	C	T
chr8	32763938	C	T
chr8	32764147	T	C
chr8	32764287	C	A
chr8	89946194	T	C
chr8	89955483	A	G
chr8	89964430	G	T
chr8	89978251	C	G
chr8	89980833	A	G
chr8	89982766	G	A
chr8	89982791	C	T
chr9	5050706	C	T
chr9	5081780	G	A
chr9	20413870	GT	G
chr9	21970917	C	T
chr9	21971121	G	A
chr9	21971122	G	A
chr9	95447312	G	A
chr9	95476076	G	A
chr9	95476097	A	G
chr9	95478103	G	A
chr9	95481960	T	C
chr9	132896246	C	T
chr9	132896303	G	T
chr9	132897330	G	A
chr9	132901668	G	A
chr9	132902634	C	T
chr9	132905957	C	A
chr9	132906834	T	C
chr9	132911517	A	G
chr9	136496196	CAG	C
chr9	136496627	G	C
chr9	136496748	C	T
chr9	136496869	G	A
chr9	136496886	C	T
chr9	136497091	C	T
chr9	136497184	G	A
chr9	136497364	G	C
chr9	136497376	G	A
chr9	136499127	C	T
chr9	136501825	C	T
chr9	136502028	G	A
chr9	136503255	G	A
chr9	136504892	A	G
chr9	136505767	G	A
chr9	136505868	G	A
chr9	136511269	C	T
chr9	136513480	A	G
chr9	136514512	G	A
chr9	136515985	C	T
chr9	136517753	G	A
chr9	136517907	C	A
chr9	136518282	G	A
chr9	136518648	C	T
chr9	136519456	C	T
chr9	136519480	C	T
chr9	136522877	C	T
chr9	136522881	G	A
chr9	136522929	G	A
chr9	136523737	C	T
chr9	136523808	A	G
chr10	43100520	A	G
chr10	43106397	C	T
chr10	43111239	A	G
chr10	43112903	G	A
chr10	43114671	G	A
chr10	43118395	G	T
chr10	43118460	A	T
chr10	43119646	C	T
chr10	43120185	C	G
chr10	87933094	T	A
chr10	87933146	A	ACGCC
chr10	87958012	TA	T
chr10	101771527	C	T
chr10	121479598	G	A
chr10	121485484	C	T
chr10	121488036	G	A
chr10	121538644	T	C
chr10	121538685	C	T
chr11	533535	C	T
chr11	534242	A	G
chr11	69648088	C	T
chr11	69648142	G	A
chr11	69703825	G	A
chr11	69810563	G	A
chr11	69810640	A	G
chr11	108227797	C	T
chr11	108235716	T	A
chr11	108244113	T	C
chr11	108249043	C	G
chr11	108254034	T	C
chr11	108321342	C	T
chr11	108347286	C	T
chr11	108353810	G	A
chr11	108353851	C	G
chr11	118436863	G	A
chr11	118471879	C	T
chr11	118472788	G	A
chr11	118473043	G	A
chr11	118484877	G	A
chr11	118484927	A	C
chr11	118490231	G	A
chr11	118497950	A	G
chr11	118503146	C	T
chr11	118503284	G	T
chr11	118505424	C	T
chr11	118505672	C	T
chr11	125655300	A	G
chr12	4278918	C	G
chr12	4299980	C	G
chr12	4370383	G	A
chr12	4434344	G	C
chr12	4444166	A	G
chr12	4444217	A	G
chr12	4445382	G	C
chr12	4445464	A	G
chr12	25245350	C	G
chr12	56087606	C	T
chr12	56095786	C	T
chr12	56096535	T	TA
chr12	56101207	G	A
chr12	56101214	A	T
chr12	57751565	G	A
chr12	68839435	A	G
chr12	112450358	G	C
chr12	120978819	C	G
chr12	120978847	A	C
chr12	120979061	C	T
chr12	120994387	TC	T
chr12	120996366	A	C
chr12	120997539	C	T
chr12	120997624	G	A
chr12	120999311	G	A
chr12	120999579	A	G
chr13	21701255	A	G
chr13	21701423	A	G
chr13	28033950	C	T
chr13	28034322	T	C
chr13	28050157	G	A
chr13	28061947	G	A
chr13	28100491	T	C
chr13	28319505	A	G
chr13	28390061	C	T
chr13	32325089	C	T
chr13	32332456	C	A
chr13	32332592	A	C
chr13	32337751	A	G
chr13	32338162	T	C
chr13	32338613	G	T
chr13	32338918	A	G
chr13	32339332	C	T
chr13	32339554	C	T
chr13	32340868	G	C
chr13	32355250	T	C
chr13	48342611	C	T
chr13	101722882	C	T
chr13	101726738	A	G
chr13	113310861	C	A
chr13	113321453	T	C
chr13	113322394	G	C
chr14	104773557	C	T
chr16	2060794	G	A
chr16	2064406	C	T
chr16	2071816	G	A
chr16	2075833	T	C
chr16	2079191	G	C
chr16	2083726	G	A
chr16	2083797	G	A
chr16	2086297	G	T
chr16	2088099	A	G
chr16	2088268	T	C
chr16	2088583	G	C
chr16	3582566	G	A
chr16	3589138	A	G
chr16	3589324	A	G
chr16	3589725	C	T
chr16	3589770	G	T
chr16	3589781	G	A
chr16	3589826	G	A
chr16	3590781	G	A
chr16	3590814	C	G
chr16	3606481	C	T
chr16	3608734	T	C
chr16	3608875	G	A
chr16	3728336	G	A
chr16	3729593	C	T
chr16	3731319	C	A
chr16	3793431	C	T
chr16	3810639	A	G
chr16	23626259	GT	G
chr16	23634870	T	C
chr16	68823538	T	C
chr16	68833300	C	T
chr17	7673251	G	A
chr17	7673704	G	A
chr17	7673767	C	T
chr17	7673800	C	A
chr17	7674211	A	T
chr17	7674893	C	T
chr17	7676154	G	C
chr17	35116910	C	T
chr17	39462785	G	A
chr17	39471134	A	G
chr17	39517441	C	T
chr17	39526039	G	A
chr17	39526140	C	T
chr17	39530667	C	T
chr17	39699581	C	A
chr17	39707015	G	A
chr17	39715310	G	A
chr17	39715782	G	T
chr17	39723332	A	G
chr17	39723335	A	G
chr17	39724734	C	T
chr17	39727784	C	G
chr17	43070958	C	T
chr17	43071046	G	A
chr17	43071077	T	C
chr17	43074363	G	A
chr17	43082453	A	G
chr17	43091492	T	C
chr17	43091983	T	C
chr17	43092164	C	A
chr17	43092418	T	C
chr17	43092919	G	A
chr17	43093037	G	A
chr17	43093220	A	G
chr17	43093449	G	A
chr17	43093454	C	T
chr17	43094464	T	C
chr17	59914673	G	A
chr17	61683635	A	G
chr17	61685986	A	G
chr17	61686104	T	C
chr17	61693441	C	T
chr17	61847130	C	T
chr17	63930138	A	G
chr19	1207058	T	G
chr19	1219324	G	A
chr19	1220613	C	T
chr19	1220623	C	T
chr19	3119241	C	T
chr19	4099274	G	A
chr19	4101064	G	T
chr19	4102438	C	T
chr19	4102451	G	A
chr19	4117530	G	A
chr19	15160960	G	A
chr19	15165928	A	G
chr19	15167275	C	T
chr19	15170707	G	T
chr19	15170759	G	A
chr19	15174241	T	C
chr19	15174382	G	A
chr19	15179196	C	T
chr19	15179425	G	T
chr19	15180765	C	G
chr19	15181626	T	C
chr19	15181749	G	T
chr19	15184323	G	A
chr19	15186979	C	A
chr19	15187135	A	G
chr19	15187314	C	T
chr19	15188303	C	G
chr19	15189357	G	A
chr19	15191991	G	A
chr19	15192033	T	C
chr19	15192414	G	A
chr19	17834662	G	A
chr19	17838299	C	T
chr19	17843406	G	T
chr19	17843788	C	G
chr19	29817478	T	C
chr19	29823759	C	T
chr19	33302240	C	G
chr19	41879166	G	A
chr19	41879641	G	A
chr19	45351661	T	G
chr19	45352266	G	A
chr19	45364001	C	T
chr19	45365051	T	G
chr19	45408923	G	A
chr19	45420345	C	A
chr19	45420395	A	G
chr20	37402536	G	C
chr20	58853975	G	T
chr20	58903752	C	T
chr21	38403546	G	A
chr22	23825326	G	A
chr22	28734470	T	C
chr22	41127522	C	T
chr22	41152004	A	G
chr22	41166602	C	T
chr22	41170503	C	T
chr22	41177078	C	T
chr22	41178128	C	T
chr15	66435145	G	A
chr15	66436824	C	T
chr15	89260719	C	T
chr15	89260812	C	T
chr15	89281825	A	G
chr15	89292997	G	C
chr15	89295087	A	T
chr15	89315371	T	C
chr15	90085359	G	A
chr18	63318367	G	A
chr18	63318646	T	C
